{
	"HelpLine": "Para obter as API'S, acesse os links e crie/logue na sua conta, caso o local abaixo já tenha uma API, significa que é opcional.",
	"JumpLineZero": "----------------------------------------",
	"CommentOne": "https://console.acrcloud.com/avr#/projects/online",
	"Acr_Access": "INSIRA A API-KEY ACR-CLOUD",
	"Acr_Host": "INSIRA A SUA HOST ACR-CLOUD",
	"Acr_Secret": "INSIRA A API-KEY SECRET ACR-CLOUD",
	"JumpLineOne": "----------------------------------------",
	"CommentTwo": "https://cloud.ibm.com/catalog/services/speech-to-text",
	"API_IBM_Watson": "INSIRA A API IBM-WATSON",
	"Watson_Host": "INSIRA A SUA HOST IBM-WATSON",
	"Watson_Model": "INSIRA O MODELO DE SUA HOST IBM-WATSON",
	"JumpLineTwo": "----------------------------------------",
	"CommentThree": "https://deepai.org/dashboard/profile",
	"API_DeepAI": "INSIRA A API_KEY DEEPAI",
	"JumpLineThree": "----------------------------------------",
	"CommentFour": "https://developers.google.com/maps/documentation/maps-static/get-api-key#get-an-api-key",
	"API_Google_Maps": "AIzaSyB41DRUbKWJHPxaFjMAwdrzWzbVKartNGg",
	"JumpLineFour": "----------------------------------------",
	"CommentFive": "https://api.nasa.gov",
	"API_NASA": "DEMO_KEY",
	"JumpLineFive": "----------------------------------------",
	"CommentSix": "https://newsapi.org/account",
	"API_NewsAPI": "INSIRA A API_KEY NEWSAPI",
	"JumpLineSix": "----------------------------------------",
	"CommentSeven": "https://apiflash.com/dashboard/access_keys",
	"API_NoFlash": "INSIRA A API_KEY FLASH",
	"JumpLineSeven": "----------------------------------------",
	"CommentEight": "https://rawg.io/@ll0/apikey",
	"API_Rawg": "INSIRA A API_KEY RAWG",
	"JumpLineEight": "----------------------------------------",
	"CommentNine": "1 = HOANGGIAP (SIMSIMI) [SEM KEY] | 2 = LOCAL [SEM KEY] | 3 = BRAINSHOP [English/Chinese Only - https://brainshop.ai ] | 4 = SIMSIMI [ http://developer.simsimi.com/api ]",
	"Chat_Bot_Type": 1,
	"API_Brainshop": "INSIRA A SUA API-KEY BRAINSHOP",
	"BID_Brainshop": "INSIRA A SUA BID BRAINSHOP",
	"API_SimSimi": [
		"INSIRA A API_KEY SIMSIMI",
		"INSIRA OUTRA API-KEY, INSIRA VARIAS PARA 'BURLAR' O LIMITE DE 100."
	],
	"SimSimi_Host": "INSIRA A SUA HOST SIMSIMI",
	"JumpLineNine": "----------------------------------------",
	"CommentTen": "https://www.remove.bg/pt-br/dashboard#api-key",
	"API_RemoveBG": "INSIRA A API_KEY REMOVEBG",
	"JumpLineTen": "----------------------------------------",
	"CommentEleven": "https://www.themoviedb.org/settings/api",
	"API_TheMovieDB": "INSIRA A API_KEY THE-MOVIE-DATABASE",
	"JumpLineEleven": "----------------------------------------",
	"CommentTwelve": "https://wallhaven.cc/settings/account",
	"API_WallHaven": "INSIRA A API_KEY WALLHAVEN",
	"JumpLineTwelve": "----------------------------------------",
	"CommentThirteen": "https://developer.here.com/projects",
	"Here_APP_Code": "INSIRA A APP_CODE HERE",
	"Here_APP_ID": "INSIRA A APP_ID HERE",
	"JumpLineThirteen": "----------------------------------------",
	"FinalComment": "Se a página após criar a conta não estiver com uma API-KEY 'a vista', acesse o link novamente, mas, tenha certeza de estar logado na sua conta antes."
}