{
	"Guild_Rate_Price": 100,
	"Stop_Loss_Price": 100,
	"Lose_All_Price": 10000,
	"Lose_Rate_Price": 100,
	"Win_Rate_Price": 100,
	"Mine_Price": 500,
	"Vip_Price": 2500,
	"NOBG_Value": 100,
	"Surprise_Price": 500,
	"Surprise_Win": 250,
	"XP_Pack": 2000,
	"XP_Pack_Price": 150,
	"Diamonds_Pack": 2000,
	"Diamonds_Pack_Price": 400,
	"Rubi_Pack": 2000,
	"Rubi_Pack_Price": 260,
	"Rubi_Change": 1000,
	"Rubi_Change_Win": 120,
	"Diamond_Change": 1000,
	"Diamond_Change_Win": 180,
	"Ticket_Price": 5,
	"Lotery_Time": 10
}