{
	"120363021762255395@g.us": {
		"559991522457@c.us": {
			"xp": 0,
			"level": 0,
			"msg": 77,
			"coin": 100,
			"guild": "NO_GUILD",
			"dima": 100,
			"rubi": 100
		},
		"559186045333@c.us": {
			"xp": 0,
			"level": 0,
			"msg": 17,
			"coin": 100,
			"guild": "NO_GUILD",
			"dima": 100,
			"rubi": 100
		},
		"554191550169@c.us": {
			"xp": 0,
			"level": 0,
			"msg": 11,
			"coin": 100,
			"guild": "NO_GUILD",
			"dima": 100,
			"rubi": 100
		},
		"559988357519@c.us": {
			"xp": 0,
			"level": 0,
			"msg": 21,
			"coin": 100,
			"guild": "NO_GUILD",
			"dima": 100,
			"rubi": 100
		},
		"559892129582@c.us": {
			"xp": 0,
			"level": 0,
			"msg": 22,
			"coin": 100,
			"guild": "NO_GUILD",
			"dima": 100,
			"rubi": 100
		},
		"5511978031867@c.us": {
			"xp": 0,
			"level": 0,
			"msg": 9,
			"coin": 100,
			"guild": "NO_GUILD",
			"dima": 100,
			"rubi": 100
		},
		"559991050565@c.us": {
			"xp": 0,
			"level": 0,
			"msg": 12,
			"coin": 100,
			"guild": "NO_GUILD",
			"dima": 100,
			"rubi": 100
		},
		"553891904156@c.us": {
			"xp": 0,
			"level": 0,
			"msg": 0,
			"coin": 100,
			"guild": "NO_GUILD",
			"dima": 100,
			"rubi": 100
		},
		"559887328426@c.us": {
			"xp": 0,
			"level": 0,
			"msg": 0,
			"coin": 100,
			"guild": "NO_GUILD",
			"dima": 100,
			"rubi": 100
		},
		"351961377675@c.us": {
			"xp": 0,
			"level": 0,
			"msg": 0,
			"coin": 100,
			"guild": "NO_GUILD",
			"dima": 100,
			"rubi": 100
		},
		"556295683434@c.us": {
			"xp": 0,
			"level": 0,
			"msg": 0,
			"coin": 100,
			"guild": "NO_GUILD",
			"dima": 100,
			"rubi": 100
		},
		"559992307767@c.us": {
			"xp": 0,
			"level": 0,
			"msg": 0,
			"coin": 100,
			"guild": "NO_GUILD",
			"dima": 100,
			"rubi": 100
		}
	},
	"559991522457@c.us": {
		"559991522457@c.us": {
			"xp": 0,
			"level": 0,
			"msg": 0,
			"coin": 100,
			"guild": "NO_GUILD",
			"dima": 100,
			"rubi": 100
		}
	}
}